Model,Accuracy,F1,AUC_ROC
Logistic Regression,0.5052,0.16220792414493734,0.49564376915859737
Support Vector Machine,0.6347,0.14987200372352805,0.5045933632470062
Decision Tree,0.79,0.10714285714285714,0.49501339311293185
Neural Network (MLP),0.8205,0.09297625063163213,0.4920890212284421
Random Forest (Best),0.9008,0.0,0.4916485525411104
